{
  "accuracy": 0.9007633587786259,
  "precision": 0.9111111111111111,
  "recall": 0.9425287356321839,
  "f1": 0.9265536723163842,
  "auc_roc": 0.9043887147335423,
  "weights": {
    "cnn": 0.3,
    "stat": 0.2,
    "freq": 0.49999999999999994
  },
  "component_probs": {
    "cnn": [
      0.0010892649879679084,
      0.0027868959587067366,
      0.02131514437496662,
      0.0023483301047235727,
      0.006551443599164486,
      0.004751590080559254,
      0.0005240620812401175,
      0.008353202603757381,
      2.277934800076764e-05,
      0.012416677549481392,
      8.1720863818191e-06,
      5.536517164728139e-06,
      2.214344021922443e-05,
      0.0007559341611340642,
      2.6707741653808625e-06,
      3.8854814192745835e-05,
      0.0002005846909014508,
      1.0434953765070532e-05,
      2.5621624445193447e-05,
      1.1024782224922092e-06,
      6.245343797672831e-07,
      0.00016208365559577942,
      1.3776464129477972e-06,
      1.2194652299513109e-05,
      2.2713749785907567e-05,
      0.00010645179281709716,
      0.00033419509418308735,
      4.737530252896249e-05,
      0.0005771230207756162,
      0.0009119447786360979,
      0.05241186171770096,
      1.3489275261235889e-05,
      0.0010404938366264105,
      0.035268064588308334,
      0.010171087458729744,
      0.0002467696031089872,
      0.0002467696031089872,
      0.0002467696031089872,
      0.0002467696031089872,
      0.0002467696031089872,
      0.0002467696031089872,
      0.0002467696031089872,
      0.0002467696031089872,
      0.0002467696031089872,
      0.9999985694885254,
      0.9995883107185364,
      0.9999819993972778,
      0.9994775652885437,
      0.999754011631012,
      0.9999552965164185,
      0.9998204112052917,
      0.9997941851615906,
      0.9999428987503052,
      0.9990037083625793,
      0.9893769025802612,
      0.9999961853027344,
      0.999040424823761,
      0.9938589930534363,
      0.9999700784683228,
      0.9999608993530273,
      0.9999964237213135,
      0.9999639987945557,
      0.9999885559082031,
      0.9819827079772949,
      0.11158202588558197,
      0.9967984557151794,
      0.9970057606697083,
      0.9959826469421387,
      0.9904423356056213,
      0.999230146408081,
      0.9997888207435608,
      0.9984459280967712,
      0.9999985694885254,
      0.9999042749404907,
      0.9998496770858765,
      0.8274251818656921,
      0.9763142466545105,
      0.998997151851654,
      0.9994410872459412,
      0.9228244423866272,
      0.9998989105224609,
      0.9998288154602051,
      0.9994034767150879,
      0.9986816048622131,
      0.8477848172187805,
      0.998164713382721,
      0.9990668892860413,
      0.9999997615814209,
      0.998731791973114,
      0.9969099164009094,
      0.9998865127563477,
      0.9993257522583008,
      0.953478217124939,
      0.9999959468841553,
      0.9970051646232605,
      0.9988238215446472,
      0.9325098991394043,
      0.9999512434005737,
      0.9998089671134949,
      0.9988960027694702,
      0.9999761581420898,
      0.998848557472229,
      0.9999948740005493,
      0.9692689776420593,
      0.7317203283309937,
      0.996567964553833,
      0.9996358156204224,
      0.9982748031616211,
      0.9992641806602478,
      0.18124811351299286,
      0.9922924041748047,
      0.9998306035995483,
      0.9999977350234985,
      0.9964616894721985,
      0.9998233914375305,
      0.99998939037323,
      0.9769145846366882,
      0.998393714427948,
      0.9996201992034912,
      0.9912381768226624,
      0.9989105463027954,
      0.9997302889823914,
      0.9999715089797974,
      0.9992114305496216,
      0.9999731779098511,
      0.9973108768463135,
      0.9999650716781616,
      0.9954593777656555,
      0.9995272159576416,
      0.9996660947799683,
      0.9946710467338562
    ],
    "stat": [
      0.96,
      0.925,
      0.905,
      0.945,
      0.96,
      0.975,
      0.88,
      1.0,
      0.84,
      1.0,
      0.68,
      0.82,
      0.48,
      0.985,
      1.0,
      1.0,
      0.98,
      1.0,
      0.975,
      0.975,
      0.885,
      0.81,
      0.945,
      0.97,
      0.965,
      0.46,
      0.705,
      0.75,
      0.66,
      0.995,
      0.745,
      0.72,
      0.905,
      0.93,
      0.965,
      0.765,
      0.985,
      0.99,
      0.97,
      0.715,
      0.89,
      0.895,
      0.67,
      0.895,
      0.935,
      0.955,
      0.93,
      0.955,
      0.935,
      0.935,
      0.68,
      0.775,
      0.935,
      0.835,
      0.915,
      0.93,
      0.625,
      0.83,
      0.84,
      0.93,
      0.865,
      0.935,
      0.975,
      0.935,
      0.985,
      0.885,
      0.99,
      0.965,
      0.85,
      0.9,
      0.9,
      0.925,
      0.985,
      1.0,
      0.92,
      0.86,
      0.905,
      0.905,
      0.945,
      0.89,
      0.815,
      0.895,
      0.925,
      0.94,
      0.96,
      0.965,
      0.995,
      0.02,
      0.115,
      0.3,
      0.1,
      0.19,
      0.7,
      0.205,
      0.61,
      0.77,
      0.23,
      0.12,
      0.055,
      0.185,
      0.475,
      0.095,
      0.235,
      0.06,
      0.02,
      0.075,
      0.215,
      0.14,
      0.12,
      0.15,
      0.235,
      0.1,
      0.32,
      0.38,
      0.22,
      0.19,
      0.165,
      0.335,
      0.405,
      0.64,
      0.09,
      0.055,
      0.0,
      0.0,
      0.0,
      0.0,
      0.0,
      0.0,
      0.0,
      0.0,
      0.0
    ],