{
  "accuracy": 1.0,
  "precision": 1.0,
  "recall": 1.0,
  "f1": 1.0,
  "auc_roc": 1.0,
  "weights": {
    "cnn": 0.4,
    "stat": 0.4,
    "freq": 0.19999999999999996
  },
  "component_probs": {
    "cnn": [
      0.9999604225158691,
      0.996340811252594,
      0.9983624815940857,
      0.9766174554824829,
      0.9495842456817627,
      0.9537795782089233,
      0.9979725480079651,
      0.9954900145530701,
      0.9971585273742676,
      0.9975026249885559,
      0.8546738028526306,
      0.9977411031723022,
      0.9994552731513977,
      0.9831408262252808,
      0.9921504259109497,
      0.9855097532272339,
      0.9837868809700012,
      0.991312563419342,
      0.9991573095321655,
      0.9935591816902161,
      0.950291633605957,
      0.9990806579589844,
      0.9424237608909607,
      0.8653112649917603,
      0.9973353743553162,
      0.9983367919921875,
      0.9998655319213867,
      0.994522213935852,
      0.9997825026512146,
      0.9993126392364502,
      0.9997251629829407,
      0.9089974761009216,
      0.9148109555244446,
      0.990479052066803,
      0.9979434609413147,
      0.9927033185958862,
      0.9740785956382751,
      0.9667931795120239,
      0.9973369240760803,
      0.994712769985199,
      0.9763134121894836,
      0.9998807907104492,
      0.9924121499061584,
      0.9999934434890747,
      0.999947190284729,
      0.999943733215332,
      0.9978541731834412,
      0.9994624257087708,
      0.9553807377815247,
      0.9308950304985046,
      0.9998836517333984,
      0.9959017634391785,
      0.9883933663368225,
      0.9996367692947388,
      0.9919690489768982,
      0.9910004734992981,
      0.9961186647415161,
      0.9998530149459839,
      0.9984312653541565,
      0.9996849298477173,
      0.9130942821502686,
      0.9980940222740173,
      0.9988767504692078,
      0.9954745173454285,
      0.9872410297393799,
      0.49664169549942017,
      0.9660778045654297,
      0.9998419284820557,
      0.9998334646224976,
      0.9581871032714844,
      0.9972243309020996,
      0.999583899974823,
      0.9993884563446045,
      0.9924071431159973,
      0.9995792508125305,
      0.9899588227272034,
      0.9973931312561035,
      0.9968199729919434,
      0.9998844861984253,
      0.9998323917388916,
      0.9999755620956421,
      0.9879794120788574,
      0.9972859621047974,
      0.9979442954063416,
      0.9999617338180542,
      0.9999649524688721,
      0.9996141195297241,
      0.0007077130721881986,
      0.00333474762737751,
      0.0019960154313594103,
      0.0008600421133451164,
      0.0011661811731755733,
      0.003584705526009202,
      0.002346751280128956,
      0.14925633370876312,
      0.0007192755001597106,
      0.0007422793423756957,
      0.00020064687123522162,
      0.0003782404528465122,
      0.0006983541534282267,
      0.008488825522363186,
      0.00019536764011718333,
      0.0010460950434207916,
      0.0024400437250733376,
      0.0007609116146340966,
      0.0006053133402019739,
      7.213124627014622e-05,
      0.00033424701541662216,
      0.006454664748162031,
      0.0003743096021935344,
      0.0024261244107037783,
      0.0007127182325348258,
      0.011228068731725216,
      0.00547865591943264,
      0.0007568023866042495,
      0.07983926683664322,
      0.002473102882504463,
      0.04216794669628143,
      0.002313760807737708,
      0.022445468232035637,
      0.003766572568565607,
      0.004536148626357317,
      0.0015292589087039232,
      0.0015292589087039232,
      0.0015292589087039232,
      0.0015292589087039232,
      0.0015292589087039232,
      0.0015292589087039232,
      0.0015292589087039232,
      0.0015292589087039232,
      0.0015292589087039232
    ],
    "stat": [
      0.96,
      0.925,
      0.905,
      0.945,
      0.96,
      0.975,
      0.88,
      1.0,
      0.84,
      1.0,
      0.68,
      0.82,
      0.48,
      0.985,
      1.0,
      1.0,
      0.98,
      1.0,
      0.975,
      0.975,
      0.885,
      0.81,
      0.945,
      0.97,
      0.965,
      0.46,
      0.705,
      0.75,
      0.66,
      0.995,
      0.745,
      0.72,
      0.905,
      0.93,
      0.965,
      0.765,
      0.985,
      0.99,
      0.97,
      0.715,
      0.89,
      0.895,
      0.67,
      0.895,
      0.935,
      0.955,
      0.93,
      0.955,
      0.935,
      0.935,
      0.68,
      0.775,
      0.935,
      0.835,
      0.915,
      0.93,
      0.625,
      0.83,
      0.84,
      0.93,
      0.865,
      0.935,
      0.975,
      0.935,
      0.985,
      0.885,
      0.99,
      0.965,
      0.85,
      0.9,
      0.9,
      0.925,
      0.985,
      1.0,
      0.92,
      0.86,
      0.905,
      0.905,
      0.945,
      0.89,
      0.815,
      0.895,
      0.925,
      0.94,
      0.96,
      0.965,
      0.995,
      0.02,
      0.115,
      0.3,
      0.1,
      0.19,
      0.7,
      0.205,
      0.61,
      0.77,
      0.23,
      0.12,
      0.055,
      0.185,
      0.475,
      0.095,
      0.235,
      0.06,
      0.02,
      0.075,
      0.215,
      0.14,
      0.12,
      0.15,
      0.235,
      0.1,
      0.32,
      0.38,
      0.22,
      0.19,
      0.165,
      0.335,
      0.405,
      0.64,
      0.09,
      0.055,
      0.0,
      0.0,
      0.0,
      0.0,
      0.0,
      0.0,
      0.0,
      0.0,
      0.0
    ],