{
  "accuracy": 0.9083969465648855,
  "precision": 0.9411764705882353,
  "recall": 0.9195402298850575,
  "f1": 0.9302325581395349,
  "auc_roc": 0.977533960292581,
  "best_params": {
    "C": 10.0,
    "gamma": "scale"
  }
}