{
  "accuracy": 0.9618320610687023,
  "precision": 0.9555555555555556,
  "recall": 0.9885057471264368,
  "f1": 0.9717514124293786,
  "auc_roc": 0.9958202716823407,
  "best_params": {
    "n_estimators": "500",
    "max_depth": "10"
  }
}